category,total_spent,num_transactions,avg_transaction,percent
Інше,23263.29,31,750.4287096774194,36.5
Їжа,16787.5,49,342.6020408163265,26.3
Транспорт,9542.96,9,1060.3288888888887,15.0
Здоров'я,5930.7,6,988.4499999999999,9.3
Одяг,4431.45,10,443.145,7.0
Комунальні,2894.33,3,964.7766666666666,4.5
Розваги,909.7,3,303.23333333333335,1.4
